1.634302284,0.606450788,4.217191095,3.551692985,1.094519307,3.495247429,1.915618885,2.145036993,0.966313619,1.086585153,0.623514741,3.555902442,3.59806882,0.649863232,1.454978427,0.846649043,1.1171632,1.343476504,1.896107102,1.655819428,0.859007599,2.930706004,1.334707081,1.755560929,1.008590563,1.448613233,1.735581808,1.264296783,0.605881413,1.048468621,1.629147329,0.897476165,0.609272955,0.883544706,1.826648367,0.748750972,2.337833483,2.956349007,1.032492225,1.301585046,2.015620373,2.093263657,0.806663589,1.466807793,1.816743087,1.310605991,1.071217982,1.094265881,2.713422888,2.005486812,1.217443429,0.930742256,0.899342771,1.377944599,1.184891531,1.819645842,2.837857371,0.485153064,1.308069842,1.140908058,0.384027747,1.434456785,2.613146124,3.201916776,2.299408245,0.796765198,1.329679813,1.362651745,0.737755814,0.578209185,1.666397707,3.09469223,1.324264497,2.221957968,1.36381814,1.479159823,1.706944257,1.023768877,0.721185865,1.894248064,0.835175341,3.671735331,1.639297963,4.073056955,1.377930282,2.526174358,5.047923655,0.98512744,1.726061848,2.022663873,2.11806732,1.920090525,2.366945281,1.527499461,1.019085194,2.164446714,3.082274139,0.599365646,1.701755643,2.172123434
0.938231702,0.603173463,1.507179248,2.020197095,2.303571804,1.311974466,1.604929757,2.589335713,1.307837964,1.310916551,1.145025901,3.347524396,1.595178666,0.73284868,1.538057667,2.490490998,1.196095194,1.269940274,1.143210062,3.496017098,1.084252442,1.621735371,1.500343193,2.0318179,1.18928719,1.496293012,1.24898186,1.52734711,0.59742638,1.472339141,2.961644684,1.287212103,0.58994319,1.25922067,1.496459339,0.940516298,1.709907539,0.920439902,0.871783683,0.980703828,1.915540084,1.142991143,1.037334333,1.972823492,1.075694018,1.208125176,1.24020501,3.35529977,1.626661756,2.398786662,1.111475785,0.65794626,1.09673268,1.979927216,0.562972301,2.561386538,1.482270042,0.527734575,2.417795054,1.391316319,0.508348955,1.213816148,1.746129874,2.267649131,1.05452775,0.707989226,4.010204545,0.878497798,0.676702891,0.621363308,2.484945337,1.935878281,4.00404742,1.637016028,2.156301133,2.178051795,3.54569918,0.749163617,0.585411463,0.969997686,0.888245178,0.895919793,1.117923008,2.123841762,2.010126029,1.98441653,2.013082161,2.640925143,1.027046111,2.827072649,1.32924327,3.305032957,4.294297387,0.73094411,0.804603289,1.563472908,2.150599877,1.243626297,1.532314644,2.712765316
1.99572578,0.640321571,3.782424013,1.440295955,0.840468713,1.928877614,1.731958974,2.155193115,1.131619671,1.299939775,0.922454064,2.078511961,2.962669068,0.750362247,0.726865392,1.401797929,1.08016746,1.16470811,1.28783712,2.718735274,1.286561474,3.037099114,1.180493959,1.469114853,1.416102459,1.327185406,3.224556547,2.631620047,0.79388649,2.33213709,1.854551868,1.714631167,0.669483251,1.249840531,1.155760171,1.175091169,1.19842969,1.085832688,1.769726571,1.689193793,1.018921017,0.832645134,1.500449935,1.625179049,0.993168739,0.927600591,1.586433179,1.247264408,1.71144798,1.997521414,1.388435455,0.872915075,0.622898738,1.295041717,0.984339978,1.157768684,1.231963841,0.918711507,1.214246046,0.665656748,0.996546874,1.583545851,2.453113503,4.554815887,1.773707007,0.858598435,2.069807873,1.474256663,0.937912746,0.55100925,1.934510078,1.681815752,1.363351592,2.497835854,3.87350251,1.849833662,1.377109112,0.957331473,1.042455386,1.143480354,0.880010573,2.508132713,1.608676894,1.346996914,2.065756071,3.863292072,8.096058657,0.90435751,1.194437547,3.179340632,1.020158761,1.213695318,2.592108837,0.710456904,1.440122799,1.696268013,2.069052001,1.64799063,1.913403634,1.78190621
1.156113442,1.143022513,2.103823109,2.591242124,1.241280516,1.971323931,1.124129637,2.201515257,1.400024751,0.899911588,1.005342468,4.073396505,1.965626052,0.527745132,1.569916212,1.038213444,1.777336292,1.804534931,1.093080395,3.378547806,0.929398357,1.146140121,0.96489621,1.088893306,1.647518184,1.134337308,1.578441276,1.679299406,0.967518052,1.050111635,3.227716158,1.96387683,0.856821306,0.997939288,1.453860458,1.431184628,1.950157488,1.268414659,1.268978731,0.822720265,0.877756103,1.034588398,0.963974388,1.661742686,1.39095007,1.176792362,1.234664644,1.695797119,1.17214802,2.373987446,2.374688223,1.182926833,0.597252095,1.321684814,1.231215864,1.588637889,2.1152799,0.481174583,1.811298819,0.880026196,0.956498238,1.813577723,1.844921602,3.545720609,1.764964874,0.820654088,3.378168497,1.331011278,0.685609367,0.87237167,3.128627481,2.332777681,2.715801952,1.563027826,2.201167677,1.915175554,2.843361958,2.396611808,0.739153085,1.46467015,0.825009745,3.077269383,1.616453383,1.744132159,0.838464586,4.863995569,3.534199959,1.456812586,1.518129163,2.776944238,0.587933969,3.990772968,3.096651762,0.647628833,2.140342511,1.218583924,2.330553137,1.29311638,1.327574436,1.298005311
1.034712094,0.435233366,1.234156905,2.91198415,1.297419309,1.784809261,1.670516751,2.617333904,0.941928913,1.012116686,0.997043509,2.980055775,1.8021005,0.602853655,1.640877736,1.729765809,2.038994631,2.04531669,1.770909908,3.297953537,1.264383013,1.746577552,1.338067006,1.151367835,0.81564812,1.553487045,1.063271267,2.157650447,0.733996445,1.444723818,2.644976368,1.355524786,0.653231942,2.065954513,1.562449287,0.947976956,2.178220673,0.837276424,0.908773356,1.364545988,2.056385,0.944289838,0.877795569,1.575049647,1.399725426,1.16204088,1.053681147,1.758424337,0.968236085,2.413426133,2.44758064,1.082817548,0.654759112,1.355271423,1.115141573,2.379618779,2.389687793,0.405885136,2.150188402,1.322405506,0.526441266,1.052245452,1.529385484,3.094175156,0.980664593,0.579843316,3.746694323,1.222353813,0.534407766,0.503008069,2.725284314,1.702037919,3.021232545,1.917025095,1.533280583,3.231202221,3.017771651,1.044740021,0.48892816,0.771721988,1.029086713,2.438172727,1.358785958,2.184966998,1.856312644,3.750679232,3.208814665,1.911502285,1.211585344,2.044533669,1.0102556,3.639197582,3.507071152,1.226740521,1.611302765,1.155030286,2.252200038,1.291803019,1.734820817,1.909071309
1.699147692,0.535284806,1.968133886,2.608461643,0.925192418,2.070914874,1.218992739,2.07876309,1.502700195,1.36475725,1.141858668,2.470535559,2.192023034,0.478590292,1.798621388,1.916503918,1.091347419,1.444703503,1.89898049,2.739964529,2.299145224,1.8336757,1.249616496,1.14937131,1.16437703,1.519454232,1.065531523,2.662599816,0.991867638,1.656331966,2.753195933,1.868881916,0.796424447,2.304178344,0.850104257,0.662008042,1.7957995,1.117648451,0.868454644,1.88112712,2.866974789,1.020772481,1.202615755,1.946696308,1.106269115,0.585047681,1.165711052,2.011967212,1.642701294,2.444199433,0.747100158,0.891843585,0.749654468,0.777825718,1.187883047,1.340281874,2.751982295,0.612763557,2.468033648,1.710633818,0.869877038,1.183471,1.713107104,2.179754284,1.706578311,0.741916533,4.688081816,0.872289993,1.30398359,0.680288128,2.671044589,2.146625663,2.453332414,1.534840634,2.338275813,2.800011183,3.942614665,1.266573038,0.578757491,1.136440128,1.056659423,2.325121192,2.349443285,1.90493402,2.09317635,2.547248984,3.688378031,1.739909791,1.271196826,1.932716259,1.317734901,4.114112119,4.023106393,1.261070274,2.362163023,1.092897187,2.341682814,1.656570897,1.448559546,2.115609662
1.712421331,0.609692387,3.769107086,3.207472891,1.160714102,1.573774213,4.134519724,1.276537086,1.027076016,1.628447461,0.764408216,2.698327591,2.467674633,0.984850512,1.29306156,1.737529587,0.589981324,2.417042127,0.99924696,3.551807734,1.564083926,2.082611704,2.173451631,0.875475817,0.892911875,1.227283254,1.520220541,1.523111229,0.737026265,1.423911118,2.01746523,1.153936287,1.297627051,1.93609906,0.947408445,1.827519833,1.056808226,3.01010401,1.904412894,0.689908891,1.303141084,0.924820625,1.331723443,1.390337632,1.148111125,1.449333069,1.127634891,1.319592204,2.16029097,1.647535094,0.972011261,1.285026722,0.866075813,0.599234131,1.792029973,1.978444954,2.828861407,0.407353249,0.903661913,1.021346746,0.802538699,0.863808785,1.980535382,3.142401499,1.780557239,1.050511804,1.715377521,1.200077492,1.247980476,0.870626426,1.472451137,2.782298941,0.928453395,2.486368469,2.401065033,1.743318951,1.383311091,1.203845724,0.809205204,2.299193368,0.943351243,3.808028143,1.590364075,2.555436086,0.859612278,2.917945656,5.648539678,1.216722727,1.892510664,2.446579783,1.159104892,1.034235651,1.137955413,0.5050861,1.219669756,1.994663984,2.665389663,0.904326017,1.121833054,1.737642061
0.850076173,0.257355095,1.87961678,2.763955614,2.21071199,2.341416077,1.466976309,2.655764441,1.683544803,0.881834964,1.182211801,4.115713282,2.125696498,0.478882817,1.197988153,2.423285855,1.379057754,1.036444378,1.56959752,3.004529407,0.63554667,1.544129906,1.672644624,1.830350262,0.867750845,1.756194214,1.156923845,1.41097456,1.18291625,1.254960877,2.334016445,0.604721996,1.022707917,0.92289358,1.143183051,0.726914647,1.600825565,1.313655201,0.798765343,0.933732787,1.43886405,1.29538441,0.809417764,1.027912771,1.303411136,1.252586234,1.935741176,2.960184436,1.551315478,2.14191393,1.414673378,0.91937501,1.216684485,1.970447975,1.019005839,2.562274568,1.081025326,1.018574269,1.05363376,0.814142839,1.006778393,1.648124565,2.118220706,2.185634838,1.294089979,0.550840758,2.942401052,1.21300812,0.585431584,0.889665341,2.672361221,2.131209936,4.191643519,1.528120674,1.759376628,2.017820447,3.607986004,1.216025453,0.462858939,0.815937589,1.009511648,1.755792397,2.071798024,2.506001689,1.096265198,2.146252333,1.785907599,2.520341459,1.589363097,2.957429687,1.022853454,2.912375453,3.65150015,1.762883052,1.23848978,1.691896875,2.447228288,1.286557963,1.275956707,2.505917559
1.290205218,0.834727254,2.882124254,2.952942443,1.325964472,1.736303514,1.716456447,1.420488588,0.805334708,1.372863493,0.890892721,2.330521581,1.991780627,0.632678282,1.206456101,1.549991781,0.588849582,1.376791986,1.82112466,3.079108295,1.299319469,1.149218396,1.776319528,0.865560093,1.323732647,1.781646082,1.341665359,2.246508892,0.479592101,1.531019046,1.452398692,1.030831902,0.428423363,0.558043111,1.107547155,1.75940934,1.654045341,1.840333093,1.021471887,1.18908115,0.945311373,1.49303993,0.646318559,1.04011193,1.240283239,1.230095625,1.54553376,1.982838265,1.687826166,2.125611468,1.532748947,0.928883952,0.787772201,1.534695889,0.912946,1.784590086,2.003987836,0.572188375,1.408075819,1.386904379,0.362677321,1.791226933,1.722242422,4.833821861,2.009263978,0.659553268,1.682051736,2.045491101,0.710998138,0.93994077,1.40963129,3.890418464,1.061444905,2.831285581,2.637418363,1.289168131,2.609844105,1.376134475,0.534232133,1.478967175,0.745681794,0.707918387,2.256160955,1.580903164,1.218140012,3.079376479,5.965860252,1.8743211,1.357925462,1.734022586,0.924704791,1.545055414,1.652970733,0.456365138,1.29893008,1.85098957,2.216869341,1.276080758,1.279365315,1.255450465
1.86672802,0.626555779,2.072053649,2.183190963,1.352051883,1.771604764,1.698330977,2.437767173,1.05604673,1.259224686,0.717626762,3.125863261,1.396147993,1.171487313,1.90477761,2.156161883,0.689595115,1.531590283,0.885180912,3.538028684,2.441385358,1.423684208,1.803285508,1.468778741,0.918749649,1.224356023,1.372416905,2.712063365,0.449368872,1.148478978,2.846341661,1.099746176,0.853116233,1.702866595,1.527078766,0.858748515,1.608102767,1.344272802,1.474506022,1.687805212,2.482350619,1.605016669,0.869724116,1.823672848,1.001381897,0.857123677,1.492703681,2.713332509,2.442735549,1.929550607,1.134753702,0.905874693,0.916531679,1.477985166,1.396435414,1.524762071,2.065005482,0.550446521,2.401736594,1.843525834,0.4617498,1.251324739,1.289488257,2.477205299,1.527143778,0.769362901,4.311896388,0.617078773,0.892615377,0.908758608,2.416424568,2.463253166,3.8491792,1.691570656,2.137997756,2.589337854,3.621030592,1.262267491,0.325434434,1.170776931,0.635525771,1.82222353,1.958099536,1.580942869,2.037250275,1.942546231,2.255794249,2.484696433,1.37557006,2.569968734,1.867180694,3.588565798,4.406498682,1.032425469,1.352470343,1.357206677,2.741065052,1.637924232,1.404794087,2.779800339
0.955110322,0.452232317,1.696853543,2.900062106,1.263745769,1.549133466,1.143827295,2.212475612,1.383232973,1.296574038,1.012739209,3.410648191,2.572891493,0.576828454,1.180359687,1.984458486,1.457502098,1.894459648,1.303949945,3.3440087,1.137193757,0.733850713,1.03279796,1.237015236,1.13165444,1.936465519,0.983919957,1.909230287,0.993326556,1.172800746,2.885230667,1.288880908,0.911963642,1.497253277,1.433288014,0.94627963,1.720418471,1.330953698,0.872664344,1.297605262,1.159424626,0.823463174,0.773123815,1.226126205,1.101748511,1.410645474,0.960188658,1.840026458,1.607382266,2.358687931,2.887687525,0.94744305,0.69218233,1.327200498,1.420214753,1.918715299,2.497264384,0.642266723,2.176403898,1.089179289,0.741868862,1.184720928,1.346528076,3.205202304,1.107769361,0.518450962,3.823564903,0.980114263,0.707598756,0.477497159,3.087119627,2.052801506,3.43464654,2.492858452,1.563865006,2.270899427,2.896283856,2.096914537,0.808964238,1.067856736,0.906295821,2.630957856,1.521434836,1.852986862,1.621365757,4.169491802,3.533107397,1.394600437,0.973411858,2.336335425,1.195921445,3.340566554,3.241995152,1.746988432,1.463018594,1.007551061,2.01533719,1.435534578,1.950579782,1.407423943
1.888227542,0.668135576,3.043284001,3.467670273,0.937939236,2.760825768,2.155269812,1.930134809,0.616857818,0.736091218,0.917445651,2.887006717,1.972129447,1.159711837,1.679787421,0.81355421,2.052903249,1.603435011,1.612746671,1.564329579,1.119554123,2.187102069,1.285616749,1.331501459,1.945196697,1.513999654,1.620557214,1.612663588,0.749806516,1.039899634,1.424295213,1.604905048,1.130736426,0.905529055,1.519285082,1.184050514,1.293570976,1.902404796,1.730730965,1.531406369,2.019103376,1.108778227,0.818357734,1.775208009,1.875052593,1.51499775,1.652223645,1.090101682,2.342464804,1.955705877,1.668337551,1.35464,0.694462027,0.927783885,1.044167419,1.534133883,1.968493812,0.466073028,1.815011967,1.253094785,1.120630722,1.393927989,2.626862932,2.692047852,2.815772872,1.257098445,1.633005201,1.473667699,0.464307048,0.439004111,1.688020327,3.119190964,1.13966154,1.340982675,1.428261745,1.108366135,1.762138114,0.607061225,0.421148753,1.275646229,1.031951243,4.334192049,1.404916483,3.546997229,0.861264621,2.307114279,5.449708441,1.314432187,2.313319322,1.930764918,0.951162083,2.401215728,2.303322193,1.128956043,1.331374749,2.295821204,3.037338519,0.59254759,1.736260482,1.904280174
2.507883357,0.741475982,4.994717158,3.100166463,0.883537529,2.440941137,4.310785425,1.992803088,1.120410109,1.35838101,0.810384069,2.394220382,3.101439982,0.731367903,2.155078493,1.740027434,0.713624672,1.90838085,0.787063761,2.290525777,1.20470149,1.829918897,2.858217401,1.490384459,0.77413467,1.386787051,1.411664271,2.146454819,0.719323203,1.476887134,2.365096605,1.566240522,0.817617474,1.424752799,1.175728618,0.738431049,1.387036669,1.978521667,2.753494399,1.232901621,0.994394983,1.036263254,0.716662327,1.251170132,1.782081143,1.507363486,2.33585818,1.100483415,2.622331033,1.345459175,1.472859175,0.816980244,0.726606198,0.779653659,1.761520492,1.344121566,2.475599335,0.603842878,1.223619953,1.247626327,1.634443103,1.34612872,2.115298061,3.218435861,1.463762247,0.645743724,1.238604405,1.158840621,0.726975713,1.200313927,1.599572731,2.530935039,1.596235516,2.223754487,3.24712883,1.366636886,1.046112201,2.241211425,0.594692743,1.391024781,1.307664116,2.965795497,1.777692624,3.593477829,1.120258199,2.783302807,6.693647188,1.162340751,1.33307709,3.105737527,1.071118676,1.592707979,1.318427811,0.753837234,1.03323371,1.295962968,2.280010738,0.913189057,1.536251355,1.43611986
1.168945501,0.658629276,4.158794943,2.650361558,1.241719521,2.097020393,2.519493415,2.30208432,0.763656964,1.613205099,0.82392124,3.549042093,2.299839065,0.617471653,1.98891644,1.815971396,0.947361866,1.308293746,1.680623564,2.638371308,1.852997674,1.993680127,1.156934403,0.47655469,0.950220536,1.602486961,1.532594498,1.837904335,0.623681854,0.737860587,2.837371314,1.310347137,1.083119062,1.690214918,1.473179912,0.869268984,1.352140537,3.296125945,1.262169994,0.847768707,1.672211428,1.466322742,1.301027639,1.061555204,0.673769766,1.742256645,1.893255977,1.782157795,3.108730923,2.188267612,2.063956996,0.800108632,1.184606347,1.125845704,1.422267231,1.761401374,2.887629779,0.263929546,0.987135549,1.189084769,1.072489564,0.825407935,1.664182443,2.604046199,1.771938363,0.895403426,1.790831659,0.923654273,1.146964163,0.602652716,1.621919426,2.739926574,1.113076556,2.108856317,1.593282374,0.952964524,1.529469506,0.795464878,0.751910214,2.081348113,1.572273547,4.489707607,1.860299869,2.973651198,1.086980169,2.379163807,5.26755836,1.412849651,1.46765184,2.342702097,1.275981563,1.977972699,1.227504545,0.535149128,0.95087704,2.417909257,2.848556575,0.923516858,1.628715472,1.384161332
1.361710959,0.957913528,3.657865169,2.62900587,0.931234978,2.073836693,1.563659335,1.240165898,1.401208338,1.2055645,1.069327642,2.487813922,2.524663928,0.87326481,1.071803963,1.828973914,1.60429025,1.082472244,1.852597508,2.325807136,1.254218677,1.282500316,1.505756252,1.200694613,1.037529981,1.682739247,1.861432606,3.281834232,0.841517667,0.925689988,1.230735135,1.163058187,1.122894124,1.578653671,0.634916773,1.164866233,2.583916587,1.18974036,0.980569086,1.225944988,1.186529757,1.781932268,1.475381389,1.506709182,1.272233941,1.156825512,1.195451127,1.490150817,1.581179809,1.718035923,1.824187173,1.120659333,0.7147169,1.967922193,1.133058115,1.551498188,0.928087843,0.452964852,1.342178086,1.06945489,0.58043554,1.168853091,1.674009912,5.901648564,1.985391765,0.508500476,3.003966307,1.299791228,1.1653573,0.616495138,2.61776897,1.660511503,1.677410823,2.164907359,3.416217774,0.840777045,1.871827464,0.960978227,0.463339098,0.855315846,1.170351918,2.437871081,1.695041197,1.149621347,1.627391114,3.918944909,6.394543685,2.039342817,1.644718629,1.975547954,0.841008987,1.417964542,2.724861435,0.621693081,1.181954394,1.214931887,1.419403362,0.757084546,2.002339113,2.883525444
1.364622127,0.446329101,1.178664191,2.44830959,1.161027173,2.394143489,1.299161121,2.291314573,1.375049904,1.235682938,1.373605099,2.712275909,1.656687813,0.50298826,1.575938051,1.764227148,1.334331279,1.673469782,1.785550894,3.233259878,1.581408425,1.630581167,0.988845465,0.995243141,0.671638403,0.662671427,1.120792858,1.937415395,0.735429082,1.215611781,2.883054506,0.754780446,0.65202815,2.325840836,1.188352992,0.948296252,2.106155788,1.061905578,1.432214414,1.860524786,2.593931223,1.222251682,1.080912564,1.224073328,1.486224341,1.233117579,0.910095301,2.133297953,1.147288229,2.612203293,1.940554568,0.965459153,0.614618787,1.64811408,0.943492126,1.577338276,2.36587539,0.351070861,2.134062379,1.800457224,0.468845168,1.373259617,1.440580015,2.622358765,1.216804476,0.616631176,4.450512231,1.14291849,0.761677921,0.494796814,2.34684538,2.130139009,3.138276039,2.233893617,1.872900167,3.396736212,3.261263945,1.014082798,0.559524323,0.721174026,0.960081058,2.420097695,1.712527018,1.701534425,1.643797111,3.268230714,3.67783917,1.954907816,0.73977633,1.97256394,0.806626188,3.207274765,3.610776753,1.103606911,1.508994616,1.308598622,2.266643679,1.549355212,1.663965579,2.406399684
1.579660272,0.791234021,4.911766638,3.167891958,0.987255651,2.734846723,2.2883399,1.286403982,1.312547289,1.217266063,0.797165562,4.111862093,2.453751232,0.730525915,2.276507689,1.324344995,1.004635466,1.341443599,1.441698244,2.574256236,1.693654122,2.352579857,1.353584916,0.929424967,0.890638557,1.126118202,1.126870327,1.515098327,0.972450712,0.565757149,1.822870621,1.032371867,0.873948997,1.313819947,1.689221902,1.108492214,2.893170801,3.293488216,1.559618284,1.204995179,2.257380033,1.302241054,0.869209589,1.24542298,0.896440987,1.416984939,1.149544421,1.579778497,2.661328272,2.169246859,1.897537545,0.842634806,0.953000075,0.645928177,1.192822895,2.432966,3.080630474,0.698891571,1.51145946,1.09630416,1.175149413,1.851369249,2.534141737,2.493137758,1.228896325,0.777195293,2.060388739,0.771753165,1.044396557,0.796238805,1.715432085,2.972645617,0.859681392,2.006337673,1.731746541,1.087523416,1.443669605,1.371009929,0.549341783,2.298716438,1.335806344,3.741000676,1.417580839,4.232274241,1.076479036,2.644115857,5.311601404,1.22062876,1.273681315,2.063286736,1.487987127,1.53778544,1.689734617,0.972030885,1.694176346,2.45695712,2.948834004,1.331083349,1.380774029,1.983487224
1.131120271,0.622656619,1.879214801,2.132771007,2.698916045,2.324838956,1.314716614,2.534906219,1.621114568,1.201911469,1.640461496,4.244298274,1.713947901,0.420429923,1.223303541,2.435713315,1.346517939,1.254900393,1.277845995,3.212923877,0.85084535,1.70607662,1.420989986,1.418166504,0.704006135,1.764950089,0.944505645,1.539163163,0.638902888,1.707113519,2.325594295,1.139917648,0.621794942,1.050188257,0.949412224,0.505229711,1.681200636,0.860464938,0.819875096,1.096415102,1.655068414,1.362050821,0.936506316,1.33682885,0.863740729,1.180857671,1.927605434,2.815576761,1.770144294,1.69715844,2.037571322,0.495644932,0.771417135,1.811731422,1.059792167,2.372068434,1.461095795,0.515395361,1.864480734,1.662572711,1.279922478,1.443900156,2.233539326,1.651285742,1.457153647,0.576330101,3.889638983,1.105621811,1.202096821,0.529573672,2.964316894,2.036481401,4.09790616,1.398805097,2.125533569,1.959488066,3.605955396,1.211578301,0.544642969,0.916341931,1.220517917,1.424374774,1.581923466,2.414959446,1.77065754,1.657405868,1.356019943,2.09945049,1.299367032,3.01225826,0.978639449,3.587534256,3.953333033,1.323705666,0.86695727,2.17758047,1.861255559,0.940380731,1.691090691,2.093505767
2.201179571,0.553507112,4.132579877,2.41756091,1.0316688,1.519438274,2.640020165,3.055822324,0.899711081,1.505547694,1.141582461,1.865175278,3.03963223,0.742020849,1.819173818,1.001357755,0.725528434,1.468980307,1.839115424,2.004162211,2.020786034,2.902657675,1.020230665,1.589640854,0.902942153,1.212404742,2.175472267,2.433799428,0.869261127,1.867867465,1.439757696,1.730822228,0.871638527,1.138741821,0.958559528,1.355292756,1.539374129,1.751662568,2.787214453,1.46397059,1.427282746,0.728193625,1.097407196,1.725599402,1.100121911,0.980098112,1.73863274,1.494307681,1.446456761,1.904852204,1.06167238,0.995118648,0.893992896,1.373882008,0.771790269,1.520930142,2.101847658,1.769734688,1.634331346,1.10007786,1.855897236,0.994542206,2.429406144,4.265923272,1.6354721,1.248254036,1.881602557,0.951328399,0.821489021,0.561331114,2.670251309,2.082534437,1.829166179,1.558851071,3.822948717,1.117003288,0.663236126,1.212304049,0.285137939,1.291134263,0.904078208,2.73871166,2.00734642,2.159452886,1.40358708,3.642873298,6.883221055,1.701407694,1.333918009,2.555200133,0.768203105,2.022645612,2.780204512,0.814976095,1.887123703,0.832951274,1.979654888,1.414124986,1.173523989,1.329951156
0.898882971,0.658989415,2.609306732,2.832065486,1.069756471,1.597465884,1.01744657,2.270340133,1.412910621,1.298428791,0.781326123,3.406059363,2.55893667,0.596930117,0.938677976,1.411147216,1.600147341,1.758257981,1.059445511,3.522370433,0.752605076,1.236262583,1.161652011,1.218639669,1.293855669,1.432153501,1.288000815,1.41458871,0.859056039,0.68789045,2.824714983,1.931841395,1.256581263,0.870437648,1.655732991,1.121270008,1.435822478,0.88065898,1.539632248,1.058792746,1.568542745,1.118709298,0.964237603,1.806126651,0.671659606,1.532397797,0.846317355,1.611553598,1.688036351,1.645841749,2.525560024,1.181543321,1.004793306,1.816127479,1.354274241,1.626223427,2.580953783,0.665804775,1.970155492,0.744927849,1.076751227,1.582405798,2.233445106,2.759975328,1.876550373,0.635964065,3.607744358,0.821463308,0.877612101,0.518009353,3.083287141,1.998538139,3.495099082,1.899993374,1.846447142,2.252394683,2.929036816,1.737421807,0.481754907,1.170089291,1.341303113,2.549452861,1.113767021,2.324129761,1.715106038,4.462097586,3.866268533,1.39155892,0.933147058,2.61376749,1.072654183,3.741442361,2.900241882,0.757731809,1.737460489,0.898394084,2.271726844,1.035968411,1.355825285,1.63177879
1.478583951,0.637560828,1.478068693,2.612524542,1.742932407,1.991901352,1.693112501,2.382233686,0.996057885,1.634221982,0.846638185,3.344701891,0.990503776,1.200650097,1.78915959,2.526846364,1.287756984,1.584642474,0.991548962,3.776337161,2.206005779,1.315285487,1.90089527,1.925746774,0.988741896,0.983855025,1.505798066,2.070570838,0.706362708,1.108405614,3.105277977,1.221826797,1.002339499,1.094120954,1.340833222,1.218292493,1.554540605,0.980883853,0.867541921,1.288595991,2.430083225,1.783734439,0.673937262,2.145870006,1.099110433,1.108755936,1.458882881,2.804607867,1.950053548,2.314984909,0.944046718,0.824772511,1.066461013,1.394430498,1.105842314,1.531564255,1.714593576,0.567550939,1.937093691,2.013764795,0.764187494,1.222503378,1.5230809,2.338593573,1.510413268,0.863945401,4.106074521,0.725787086,0.870375129,0.91459944,2.561422033,1.823982285,4.060690273,1.726242858,2.209910006,2.775189526,3.80788087,1.034173841,0.725427379,1.322945491,1.034125015,1.358320946,1.839704867,1.74379614,2.081243218,2.07714625,2.257842429,2.279900505,1.190770169,2.789170237,1.458708514,3.571838081,4.614250882,1.078752199,1.578334771,1.068574961,2.84780946,1.566667734,1.629980619,2.775782717
1.766211008,0.556412851,2.367449761,2.606211632,0.912560617,1.428284474,1.716042013,2.294607764,1.071499472,1.368216334,1.204261676,2.585989403,1.663841651,0.534476011,1.793124963,1.785595075,0.618227706,1.612839216,1.67231761,3.462420018,2.384887504,1.504349528,1.279826635,1.256384681,1.20897928,1.193788085,1.436266019,2.986194205,0.486847967,1.455232243,2.698814749,1.232012149,0.818144195,2.720214968,0.975265415,0.554566058,1.54677984,0.945801558,0.826660916,1.792013005,2.213925678,1.470061532,1.097980851,2.228381302,1.148266767,1.044610218,1.103603884,2.448260983,2.175585917,2.0877154,1.190260036,1.131421339,0.553796907,0.789602008,1.743013431,1.605852004,2.399849418,0.431757883,2.773660752,1.805916364,0.403730511,0.913305881,1.69372017,2.412528269,1.793150377,0.447038037,4.410021257,0.689126105,0.770179589,0.704369803,2.642851679,2.293412785,3.238224909,1.779894399,2.344212424,3.049670142,3.616560807,1.303095247,0.511433266,0.745404247,1.530355603,2.021434401,1.995429076,1.918065648,1.805443766,2.044104988,3.200011852,1.787690359,1.253913981,2.074923985,1.702241307,4.060203886,3.946692281,0.863292779,1.189382525,0.972803286,2.3558196,1.387203167,1.644612833,2.469859953
1.579106608,0.367270224,4.104091207,2.887583228,1.472735609,1.478556649,3.331545426,1.63739693,0.612633921,1.443143896,0.979267044,3.101477947,2.467691824,1.045840131,1.77816086,1.922490977,1.151074965,2.322698995,1.34333663,3.488868994,1.920329655,1.938197265,1.861905773,1.071161642,0.642992868,1.569035714,1.075515008,1.447565696,0.505102331,0.786530892,2.568090554,1.341048129,0.769674446,2.212737993,1.202896304,1.14141572,1.149221706,3.317221997,1.694361468,1.065275027,1.783125145,0.82122395,0.992186366,1.107767996,1.071846316,1.590983538,1.051412405,1.641597026,2.278057161,1.648576724,1.015179513,0.910929882,1.03861537,1.093079,2.157462134,2.461587415,2.808435182,0.414771038,0.887275424,1.26765803,0.707532844,1.155479963,1.816984671,2.805123567,2.08090669,0.927709531,2.399638102,0.937124955,1.119467412,0.914005443,1.696552171,2.895427098,0.977100172,2.401923902,2.449298057,1.342318847,1.32343222,1.15425716,0.213463778,2.803582394,0.97959315,3.963126944,2.090538382,2.566903711,1.171149272,2.869047401,5.180135155,0.756055019,1.396740363,2.458347087,0.840697728,1.078316645,0.880490003,0.72616523,1.123924324,2.048729413,2.470934084,0.607303277,1.346219735,1.956207747
2.522272247,0.857973231,4.174804612,2.784716128,1.315884133,2.022959145,3.264548445,2.866792987,1.296301955,1.675015323,0.960165317,2.223052835,3.71782685,0.489661007,2.304080009,0.991431354,0.676174626,2.025667273,1.336776822,2.725028911,0.950766072,2.229586558,1.741171488,1.629533019,0.904454633,1.395267003,1.206566429,2.632934312,0.70220747,1.465867005,1.562050399,1.123158521,0.762563375,0.601715205,1.46949285,0.812588397,1.076961491,1.346585678,3.60081662,1.412683457,0.970917106,1.050123956,0.759324107,1.28609667,1.601782354,0.912489188,2.057541613,1.190076637,2.351406563,1.903328968,1.235606534,1.186662668,1.202062992,0.774788179,1.421642368,1.425859401,2.09628076,1.788897084,1.212276144,1.199390824,1.394283052,1.102952365,2.156356863,3.943735814,1.605846981,0.645025408,2.177366097,0.634506329,0.956201235,0.832151622,2.464435246,1.982029235,1.378246456,1.140052815,3.08828456,1.915504214,0.843370703,1.414935998,0.711260298,1.357760235,1.254230147,2.825660623,1.88743025,1.68463496,1.689503498,2.535194466,7.786335329,2.145261831,0.918860393,2.500463798,1.131797318,1.153426344,2.715094863,1.392987,1.466080229,1.137232293,2.015504666,0.651706624,1.330015881,1.060336007
1.350994067,0.469926178,1.427766062,2.43507626,1.212410544,2.585778288,1.477545088,2.087699517,1.411977446,1.433020349,1.265426843,2.787974155,1.763296238,0.704403006,1.849135563,1.380675941,1.437328156,1.459207404,1.849208638,2.255921183,1.963916176,2.079467953,0.951667052,1.057087342,0.820880232,1.197504063,0.943955608,2.638450859,1.210928275,1.768553326,2.677416103,1.40328548,0.631295536,2.469237435,1.010724685,0.642136929,1.940155083,1.092088425,1.089172258,1.68648379,3.018844328,1.097917382,0.808251262,1.489989664,1.36075923,0.750432834,1.082064858,2.482937337,1.787328775,2.405155709,1.469143823,1.332341696,0.748638481,0.995543339,1.161089534,1.327806708,2.401591533,0.453134083,2.366646638,1.833112576,0.501156137,1.361853562,1.490593159,2.330075219,1.569307663,0.855595195,4.447049998,1.204780467,1.080726553,0.810956721,2.606886964,1.933752428,3.290990037,1.863312516,1.701586421,3.048221183,3.813687491,1.452391179,0.273575817,0.593458088,1.718989028,1.968731883,2.031013883,1.368986957,1.659871011,2.960072113,3.606211487,1.770254309,1.255599601,1.920255906,1.066558961,3.575485358,4.185569245,1.193282444,1.991028863,1.099295726,2.362496113,1.717735301,1.826596851,2.423019753
1.072990722,0.489201519,4.279681154,2.820418559,1.320774653,1.976621496,3.142519781,1.804110853,0.817431486,1.952041706,1.009750521,3.151296628,2.164982225,0.981456141,2.012955776,2.274353692,0.97076906,1.921316627,1.574860467,3.178732864,1.986241798,2.367300327,1.523520932,1.447099156,1.547488353,1.792242291,1.175984866,1.75452993,0.641147457,0.873051344,2.661411425,1.286410848,0.855086504,2.099285996,0.979137059,0.960543111,1.670576804,3.7624513,1.472927296,0.764388776,1.408678581,0.742140532,1.332486971,1.156365222,0.748801926,1.421998549,1.458728026,1.580193047,2.600180886,2.099876161,1.823245305,0.68454049,1.358505072,1.169175697,1.101159434,1.899306541,2.501654254,0.592218612,0.826330069,0.655658851,1.052313618,0.970010684,2.040289114,2.707588783,1.893482454,0.82444317,2.25362838,0.795302984,0.771553733,0.689135158,1.448623004,2.897157122,1.222111056,2.053627704,2.17284449,1.201713306,1.134417223,0.905290777,0.700879212,2.38587822,1.274681942,4.308740318,2.032473986,2.692556185,0.892232923,2.782888619,5.601607223,1.399895431,1.447041168,2.343352037,1.026971681,1.421743428,0.940137324,0.500578183,1.007817425,2.260393005,2.282616245,0.533851884,1.418666994,1.981337723
1.331153487,0.797871707,3.275493206,3.951330853,0.994037554,3.726443602,1.98509904,2.736148678,0.980221539,1.026373851,0.401850024,3.388560883,2.815661768,0.698932718,1.803475163,1.269806228,1.453418344,0.99796271,1.749401541,1.543024703,1.202245574,2.649344102,1.060995024,1.30515252,1.466142567,1.451072165,2.02596183,1.180224193,0.445800238,1.023943909,2.01341673,0.950209373,0.617614973,1.145591308,1.981045186,1.085311179,2.093275493,1.941394466,1.056181065,1.340192888,1.946598397,1.203727642,0.829189525,1.735346164,2.016543296,1.465067164,1.035868005,1.330771634,2.767114146,2.331669512,2.036114232,0.65580022,0.337585276,0.94778188,1.295679071,1.709039463,2.727124465,0.854004541,1.629781291,1.046229968,0.689597933,1.302751825,3.003184881,2.360413898,2.889066045,1.399314067,1.56638108,1.300098598,0.80754869,0.331229031,1.690162918,3.148719011,1.316700219,1.936745783,1.28101111,1.241791338,2.158974191,1.307814858,0.307572428,1.389782968,0.818105201,4.510228067,1.388937515,3.724898761,1.305506153,2.038160683,5.627465097,1.211541172,1.753551404,2.381506386,1.685836826,1.655912281,1.932754767,1.280749074,0.742723223,1.787015006,2.629896264,1.079204402,1.759645712,2.289599924
2.975325901,0.441519654,4.484760976,2.958925164,0.854791829,1.64680461,3.85894344,1.290710249,0.843758198,1.385205726,1.217386834,2.919070716,2.805382261,0.651740205,1.269284743,1.578466739,1.428395288,2.087392423,1.090529308,3.550924228,0.917097348,1.998268533,2.485270607,1.083937613,0.85858249,1.172399356,1.362915317,1.611151681,0.797877334,0.9254802,2.031445667,1.938727904,0.703488642,1.591254085,1.506039071,1.153943015,1.291302088,2.718533819,1.899421203,0.802762151,0.774866063,0.47546087,0.903950047,1.469805392,1.410012675,1.268425002,1.354384022,1.289320703,2.375935691,2.017571862,1.326288013,0.802595501,1.327747043,1.141383429,1.907635838,1.489743696,2.620175491,0.458200342,0.977684405,0.88240805,0.79627972,1.079990953,2.25902679,3.285564127,1.56873915,1.132272122,1.732368161,1.25627018,0.963023329,1.245782061,1.233510053,1.822011054,1.132789775,2.935504148,2.540244998,1.848627136,1.266068446,1.446781533,0.875378947,0.973244232,1.691569273,3.814585527,2.573160392,2.898943012,0.803187649,2.978944984,6.176825866,0.867207268,1.488096515,2.865365078,1.164026578,1.017504612,1.431748578,0.725737865,0.702463616,2.023076859,2.654372066,0.675846043,0.900384558,1.669358382
1.569775458,0.765846041,4.646899533,3.039778675,1.113379183,2.824728838,1.618622428,2.051503496,1.442693951,1.229301616,0.77030201,4.296438531,3.432214005,0.824801431,1.750023255,1.302366716,0.599515366,1.292892487,1.756561255,1.86743016,1.074214552,2.853904775,1.552376178,1.479773581,1.015941516,0.985705914,1.662064686,1.452311584,0.668439511,0.783026033,1.804144287,0.735639002,0.535098315,1.038911909,1.722450963,1.150728857,2.254796,3.30769614,1.275241858,1.328868361,2.036875497,1.657092036,0.937519307,1.408480259,1.083705742,1.33720392,1.339704016,1.150964912,2.845481509,1.929922222,0.965786119,1.284498766,0.63398983,0.727523587,1.239370697,1.785235769,2.502199781,0.701173332,1.380012735,0.986811032,0.680609176,2.260533111,2.797351489,2.571221452,1.946244328,1.094140871,1.361202573,0.810038937,0.680615728,0.747875791,1.633270331,2.683493692,0.898193578,1.7832336,1.538203128,1.174220532,1.88978767,0.789321157,0.510779113,2.140724275,1.210480353,3.592559763,1.201479584,4.410552906,0.927594795,2.922554684,5.241090735,1.372095747,1.186798038,2.15368857,1.692389444,1.813978507,1.640359306,1.654852534,1.170882041,2.671033879,3.317412084,0.777207779,1.839616119,2.087326549
1.090382875,0.400009995,1.285322324,3.062456376,1.227170316,1.523770603,1.526251241,2.625889491,1.020078746,0.97572655,1.179566948,3.178892024,2.14774487,0.526657995,0.948779047,1.829159742,1.873488792,1.986211279,1.403489805,3.538774705,1.264774175,1.687641721,1.3537838,1.008954068,0.820474387,1.539335889,1.281339447,1.958542133,0.741148375,1.295346157,2.565284319,1.065351168,0.868725431,1.691274866,1.678527137,1.144377867,1.996693692,1.040173259,1.022430228,1.339620844,1.849440788,0.642174879,0.868367743,1.139896576,1.382982019,1.114230276,0.855911913,1.844995208,1.148424057,2.762237369,2.545545415,1.017604763,0.855947882,1.424579191,1.166909048,2.64522325,2.510148456,0.432318871,2.038713212,1.196744257,0.565430525,1.099203602,1.602504913,3.101951695,0.92323105,0.723451162,3.497886695,1.024632293,0.551550202,0.462218471,2.715472041,2.033886558,3.408055342,1.856446943,1.536896183,2.864460989,2.897202466,1.685204788,0.392195497,0.814686643,1.00475076,2.483640643,1.53097425,2.173099745,2.113845788,4.193485928,3.459736737,1.726350096,1.080740132,1.940454123,0.777867141,3.769955423,3.352996466,1.526312062,1.790883476,1.154505487,1.983328693,1.224914514,1.498297723,1.847731172
1.752399331,0.403617456,4.522295447,3.33983384,1.233838206,2.436533417,2.464430577,1.646710796,1.125727256,1.061435488,0.872526387,3.978486317,2.199432335,0.902131492,2.487590772,1.274327136,0.892316235,1.320175147,1.59598337,2.414658433,1.761191941,2.146783204,1.418569225,0.835358264,0.764357128,1.258488436,1.727751214,1.492681256,0.367465388,0.628793352,2.649370994,1.475328084,1.090602238,1.680651593,1.833692849,1.110929537,2.01768367,3.068510085,1.070910702,0.62881129,2.20724778,1.584909428,0.851039895,1.760462817,0.577879875,1.808806133,1.292718207,1.159459091,2.943771211,2.592275124,2.050844103,0.800252563,0.81678037,0.933140098,1.212484163,1.94382921,2.803224055,0.572897039,1.004775933,1.3754108,1.091459674,1.291008354,2.001751818,2.630071444,1.433257379,0.95199793,1.816386727,0.468737886,1.312979384,0.717517808,1.430957955,3.057046318,0.966173718,1.682539337,1.888190439,0.807572177,1.371845987,1.041392987,0.455757671,2.107798552,1.460333659,3.980549141,1.797601819,3.268773021,0.767199276,2.476725319,5.897205393,1.874581969,1.986972831,2.88356508,1.42315279,1.294374325,1.517538883,0.706808213,0.748940583,2.362253433,2.921906417,1.158949316,1.357745254,1.21714101
1.915549428,0.88822613,4.449324657,2.600279296,1.009934117,2.609887611,1.766235204,1.523220514,1.208978866,1.263176748,0.866464472,2.397589288,2.808165433,0.464240815,0.821340586,0.966017255,1.245498536,1.034273175,1.043164703,2.607993379,1.099949669,2.632661246,1.393086682,1.276594529,1.480062359,1.347036824,2.087287895,2.596959652,0.787331103,1.778933597,1.976220841,1.410911446,0.490723309,1.576877954,1.357181601,0.952724318,2.401169013,1.576499599,0.861219478,1.584128326,1.053930608,0.725484923,1.462414986,2.110456654,0.851830547,1.252829328,1.519672649,1.652692459,2.373702113,1.79680798,1.535115645,1.184479371,1.170697924,2.176389016,0.945835965,1.703076651,1.500360453,0.504468712,1.389607465,0.749717934,0.719083839,1.222344185,2.118313529,5.497935275,1.759016366,0.95333294,2.001514418,2.525946291,0.94449377,0.71376469,1.765659037,1.918818324,1.867910599,2.345088463,3.981007527,1.260372026,1.336169422,1.219589627,0.311680839,0.958011367,1.22770253,2.867760873,2.031943327,1.652485079,2.213200735,3.994685793,7.751547205,1.609201977,2.518589278,2.288093612,1.652458099,1.092985975,2.910880087,0.547933513,1.068473907,1.89947834,1.585168418,1.464210615,1.860733781,2.373892461
1.032987178,0.557949284,1.913891379,1.635309226,2.473294514,1.878008939,1.592086157,2.707341459,1.355022316,1.315875916,1.210679942,4.153536666,1.840232724,0.525296441,1.2057875,2.634371868,1.148358426,1.414572913,0.958858336,3.113478046,1.169181936,1.590456992,1.396933008,2.04748865,0.799646124,1.812833979,1.122320711,1.691216193,0.332418075,1.507842949,2.81838861,1.181673291,0.685593684,1.153378952,1.326183,1.059752735,1.732745391,1.109929382,0.894496714,1.004713233,1.798861945,1.069947494,0.695853372,1.868359662,1.13478316,1.08613393,1.468660209,2.96892452,1.655484449,1.99784454,1.335808028,0.621676867,0.794593842,1.94415116,0.535563972,2.591034377,1.256230998,0.538956207,1.998751357,1.755752568,0.684362795,1.46380844,2.34902252,2.420783653,1.469607074,0.652039237,4.032135215,0.785967175,1.045703706,0.672859306,2.617193151,1.670339464,3.964803015,1.362468217,1.870249059,2.080183147,3.745117392,0.964944076,0.468884576,1.119636668,0.84792954,0.87421817,1.460381265,2.077554529,1.790236855,1.995366976,1.817399472,2.256484478,0.861071514,3.041555415,1.309933009,3.2147422,4.229606624,0.894764678,1.019134285,1.830658977,2.369111055,1.11391159,1.551188975,2.217407865
2.038105828,0.484915216,1.936540521,2.49950613,0.565503445,2.265967107,1.265066768,1.985463519,1.222362944,1.664494567,0.886941553,2.427333968,1.921031702,0.56363012,1.958478155,1.981894963,1.338319512,1.651164824,1.76680951,3.062967311,2.34895352,1.419179324,1.275184531,1.48065869,1.18290314,1.289042864,1.237199909,2.745406771,0.697954334,1.535467386,2.644443197,1.622627871,1.069084325,2.508336719,1.010740037,0.891924582,1.76043605,1.0234184,1.162140666,2.024306398,2.485032376,1.174745785,1.055534508,2.040280822,0.853447133,0.746160302,1.312531669,2.113236859,1.609803821,2.175964926,1.019767348,0.856588773,0.82857423,0.712582365,1.474595047,1.253102591,2.475105917,0.580371968,2.558209083,1.621624832,0.544869548,0.845311293,1.371967661,2.496530136,1.689281528,0.516838535,4.267253521,0.689243127,1.105899568,0.993961941,2.535664986,1.924249139,2.682113385,1.65132852,2.533760535,2.849938918,3.833106137,1.455354811,0.412626304,1.331769695,0.893625287,2.503752603,2.402612067,1.917505219,1.749394035,2.218397949,3.251147837,1.406850008,1.70220179,1.968825936,1.522578903,4.196320382,4.046838007,1.274651513,1.943204877,1.071197844,2.689275332,1.366759384,1.289561846,2.456608887
1.25984606,0.383379963,1.209166014,2.794525206,1.225373832,1.881698963,1.760972248,2.662599067,1.077833377,1.056094679,1.199979009,2.982800448,1.410865548,0.599566976,1.394063901,1.732305222,1.922750682,1.728682792,2.01755895,3.147029856,1.374950602,1.701822315,1.242739203,1.045488369,0.855738519,0.908361732,1.184983538,1.839466124,0.649617659,1.45023338,2.796597372,1.378000599,0.660152836,2.263214629,1.547821724,0.53622818,2.116062787,0.879349089,0.930269568,1.337922812,2.433641559,0.929389501,1.01913521,1.370660288,1.262315829,1.209405788,0.993082758,1.67669157,0.862040437,2.482921959,2.169647712,1.077140002,0.96737634,1.764920737,0.870913041,2.30371759,2.217837418,0.403046542,2.431085377,1.622922798,0.535111882,1.207574276,1.567991506,2.980484462,1.144787551,0.523111972,4.238345339,1.042118334,0.739906522,0.553687043,2.342659941,1.664904379,2.758959691,1.943587731,1.450388095,3.173006213,3.382937964,1.066268405,0.370374274,0.637541261,0.917083797,2.558934968,1.521940323,2.140338524,1.511889545,3.665411548,3.365203779,1.596783182,0.969384358,2.386467576,1.138602737,3.775820188,3.58774541,1.160561748,1.658472953,1.273868979,2.169249313,1.503572982,1.436120387,2.061713737
1.036915884,0.335226806,1.423315261,2.876161143,1.024857098,1.543436133,1.366632916,2.343152856,1.174312651,1.125974947,1.04846194,3.270924143,2.434900596,0.628403599,1.000317938,1.764875636,1.760686159,1.874625634,1.788520117,3.417196364,1.202182517,0.840400248,1.549175362,0.851291764,1.174539768,1.907645315,1.18409324,1.868859014,0.754577659,1.129040829,2.903765761,0.932722193,1.142157129,1.827829388,1.766355939,0.9210802,1.857742229,1.342002235,0.943210297,1.16952461,1.306825878,0.604946674,1.005661409,0.977533242,1.159460797,1.367945856,1.111975905,1.71460585,1.471234426,2.754033779,2.452736055,0.933979082,0.579877811,1.151625316,1.366617178,2.086395509,2.333164734,0.561613516,2.189077001,1.261356881,0.466253787,1.234913962,1.483636932,3.35565767,1.162537329,0.655550993,3.7318607,1.070527442,0.465026438,0.550390929,3.160501605,2.153946493,3.702857788,2.189173472,1.417541713,2.344641866,3.164419639,2.104519189,0.89501175,0.921636565,0.696172038,2.3721493,1.608259067,2.051344653,1.815689571,3.987193968,3.367717297,1.417983669,1.017263843,1.866917814,1.113364621,3.786415901,3.311837371,1.729526313,1.72529797,1.243880293,2.333216005,1.276455061,1.716805447,1.616586581
2.324033199,0.605794888,4.687437585,2.85964956,1.410007517,2.15252196,3.532295786,2.400753839,0.633179605,1.602196826,1.402810302,1.981566836,2.880342792,0.703566782,1.313234128,1.207620982,0.951390914,1.935158587,1.259634678,2.880100422,1.03415339,3.144513,2.130866071,2.059657335,1.400847583,1.155885176,1.648105247,2.176035167,0.57318666,1.313186171,1.965175966,1.327921116,0.634289945,0.611028374,1.262085797,1.00291534,1.478490961,1.489642076,3.299187546,2.135777985,1.106817044,1.247210374,1.226682469,1.419067498,1.806901713,1.201076619,2.533719836,1.041450637,2.283288918,1.741973358,1.438070523,1.168432748,1.268307132,0.987501299,1.596987294,1.040994769,2.056852646,1.013536661,1.477288849,0.884064796,1.330192104,1.169235576,2.326443667,3.415980774,2.288309313,0.526743987,1.856848884,1.194631914,1.019198562,1.678478394,2.500345657,2.498957649,1.088324645,1.954679582,2.837853959,1.224968703,1.401846473,1.801947445,0.752636147,1.122077449,1.164606908,2.784107319,2.173759969,2.30930363,1.144142951,2.426872612,6.672062545,1.312650293,1.124479838,2.577890676,0.940063878,1.10190558,2.05267032,1.029731733,1.234324806,1.747511333,1.891905493,1.370631677,1.439586045,1.643175219
1.110060075,0.628939829,1.32723449,2.27782161,1.923921344,2.290887199,1.669163619,2.397457634,1.056787879,1.6569992,0.703902095,3.343886659,1.271475353,1.053991911,2.099859092,2.110553526,1.25456356,1.652284301,1.251726297,3.644149605,2.07465032,1.477264226,1.627462584,2.288799082,0.934913244,0.852473904,1.061685946,1.711005204,0.85691819,1.17454991,3.285501688,1.408053086,0.918027834,0.912045549,1.528892101,1.206105271,1.569998558,0.877462779,0.743522687,1.23546678,1.953422075,1.917641381,0.784470399,2.264496844,1.388612148,0.931931706,1.260583354,2.795955088,1.567849233,2.285799187,0.887383253,0.939574009,0.699193077,1.816975295,0.938836874,1.918513454,1.447595271,0.293669611,2.118886376,1.875740117,0.820446534,1.208324561,1.266035194,2.560192596,1.424335439,0.71296067,3.941202512,0.700558469,0.782407209,0.910905458,2.726428236,1.924679076,4.045476747,1.838401905,2.290237034,2.976693458,3.516909755,1.206073622,0.677350827,1.184595794,1.076437193,1.242346196,1.573373784,1.902786882,1.837766544,2.142683536,2.276288105,2.60664454,1.268414457,2.786883044,1.319777002,3.224606068,4.562308809,0.896173554,1.563184051,1.365211062,3.073682505,1.418707343,1.365413843,3.075531669
1.065796232,0.55728124,2.419291193,2.833968547,0.81122411,1.929142725,0.966116217,2.17145063,1.388207207,1.256940834,1.308587239,3.583299415,2.401085526,0.967307975,1.46496182,1.249030482,1.663841426,1.753672863,1.346887153,3.172531602,0.745208528,1.039345523,1.143718234,1.414979891,1.280618879,1.337774859,1.738171092,1.617912136,0.734405154,0.775910778,2.902644136,1.815921328,1.27861866,0.859223756,1.546580113,1.174741954,1.440837179,1.410515673,1.036700054,1.148310764,1.514790881,0.939527364,1.25637437,1.870613363,0.768660123,1.341786874,0.732975758,1.566459491,1.214134734,2.335666347,2.266378702,1.407536942,0.848793067,1.781321989,1.391314439,1.26402935,2.503200255,0.648846883,1.626730032,0.688112179,0.912847153,1.613270347,1.518231461,2.953267425,1.738092917,0.85712964,3.58144662,0.939756358,0.586551205,0.482145472,2.731954412,2.081651722,3.498185018,1.647323986,2.12691665,2.039380208,2.816385642,2.197264419,0.611952748,1.144860559,1.098857667,2.85879127,1.263307227,2.036014767,1.347903963,4.790761662,3.666473072,0.974380601,1.275707818,2.614870972,1.034831895,3.740347837,3.342529469,0.775221303,1.865843916,1.323634628,2.314504518,1.311882623,1.163289164,1.275540201
0.860858719,0.607903341,1.440997678,2.206103032,2.096093347,1.782071105,1.694773157,2.529192417,1.056415913,1.44588199,0.967685342,3.176858537,1.810096441,0.746146216,1.611517082,2.337134692,1.2063547,1.240807556,1.016774307,3.574080654,1.659896261,1.568724683,1.405356949,1.94672814,0.994917571,0.943564686,1.063931327,1.708732795,0.477969355,1.055040813,3.270255265,0.914591983,0.922888908,1.104156589,1.292990481,0.960532036,1.627730753,1.02295785,0.842210711,1.081783503,1.73624059,1.400938222,1.207142923,2.25296863,1.377338301,1.072684277,1.277395497,2.778559587,1.646137069,2.474013767,0.797936125,0.768042123,0.855917779,2.093506194,0.860561275,2.28261883,1.818786287,0.662394717,2.548056893,1.713609885,0.905937368,1.199760637,1.570198352,2.246131892,1.267376564,0.437184694,3.951156524,0.910908108,0.888828501,1.151959387,2.727727933,1.899928248,3.774897319,1.645212075,2.199841254,3.043277612,3.57620549,1.07446173,0.84391149,0.880142961,1.150729606,1.003520845,1.380640972,1.650385484,1.870810003,1.961732206,2.090344644,2.716009879,1.087030301,2.530076724,1.290602205,3.28268222,4.591501565,0.910743355,1.16772315,1.478560725,2.618566148,1.090209186,1.63905229,2.992637436
1.196458068,0.323134784,1.850705406,2.760658158,2.508679378,1.976229623,1.47931957,2.530119411,1.548925943,1.161060201,1.225127403,4.538245139,2.207901695,0.662673414,1.707070981,2.69679638,1.250891311,1.335140401,1.633058004,3.424062948,0.618365513,1.791929874,1.551400555,2.054841878,1.069245382,1.888066273,1.279786736,1.161756513,1.233652021,1.154983237,1.967968434,0.806843556,0.995081316,0.947668724,1.316460561,0.719925372,1.742750349,0.607088506,0.974146289,1.085152377,1.232616272,1.37513128,0.61380954,1.092220018,1.812515968,1.803382785,1.723352351,2.606153079,1.352800571,2.239771849,1.40434642,1.208171434,1.227402298,2.302742273,0.821465882,2.551590192,1.157963451,1.046643435,1.158233074,0.709783197,0.769681223,1.603582113,2.058779243,1.919117325,1.187053928,0.813428646,2.977005703,1.199859269,0.757100464,1.137496975,2.487356633,2.420888437,3.929815847,1.590572836,1.57336836,2.382235176,3.574953127,0.801254991,0.401438943,0.928061831,1.084647966,1.785450138,2.170309941,2.453653956,1.141862907,2.296968752,1.795093117,2.506963134,1.535211665,2.674084165,1.018120927,2.90630308,3.418496663,1.679656906,1.170806569,1.433256241,2.576270686,0.976691178,1.178926165,2.658729302
1.597332974,0.899905002,2.057724761,2.401274201,1.274299412,1.59283047,1.76971356,1.960630392,1.005380389,1.212842689,1.303724262,3.069549793,1.347151321,0.74162981,1.781835567,2.129949523,0.709335382,1.511755001,1.217983937,3.38040805,2.508700086,1.512752406,1.256611741,1.686011949,1.304015046,1.358727208,1.248785246,3.011420607,0.534256255,1.185084914,2.775007408,0.845776342,0.962530611,2.071118925,1.297626405,0.714785491,1.371217101,1.321620181,1.10032679,1.812161345,2.327920174,1.365457162,0.742792088,1.964738999,1.0049642,0.898566662,1.139844842,2.62682694,2.122512225,2.285389853,0.951190215,1.165996657,1.067785776,1.122880099,1.484016769,1.551823284,2.44531122,0.559222031,2.652108846,2.177382767,0.464787212,1.439173489,1.366887706,2.367652943,1.665665813,0.505509024,4.307142544,0.769175077,0.683686257,0.838325576,2.381836466,2.79089352,3.847778655,1.593494872,2.229826525,2.658385527,3.559108119,1.373679375,0.514362351,0.907991024,0.916527245,1.513153435,1.897703087,1.808025402,2.213098619,2.028516461,2.869548343,1.808938023,1.176713644,1.933891239,1.554792471,3.738673625,4.290509441,0.757748163,1.397117215,1.368094694,2.673379735,1.592443285,1.678668437,2.875462327
1.132412561,0.862637628,1.986532457,2.329731256,2.67260243,2.698838715,1.346461293,2.845605477,1.590558448,0.941383409,1.019292895,4.014430041,2.210142415,0.890040344,0.949411285,2.37776502,1.367615703,1.225801252,1.29325969,3.213617224,0.802639608,1.440021662,1.39881009,1.689037541,1.011152043,1.92016115,1.00129507,1.399625049,0.88597455,1.468846269,1.925650959,0.774844358,0.430278031,0.986446362,1.317494137,0.755346393,1.626066342,1.192521494,1.295195021,1.077440416,1.668863524,1.578705183,0.954662918,1.037877039,1.167017863,1.156022477,2.16256632,3.0156912,1.631909598,1.754697863,1.688894689,0.601157603,0.968939529,1.495159989,1.316112686,2.411459973,1.309851914,0.612895877,2.080689872,1.250188156,1.282418106,1.662390834,1.937562152,1.962409843,1.707955043,1.031947746,3.628287469,1.088403693,1.027368807,0.512466327,2.981416339,2.138685454,4.368318401,1.492118101,1.972648128,2.04838671,3.365625064,1.263112332,0.606535001,0.704284765,0.865644982,1.760292407,2.208497773,2.553191659,1.256873988,1.833210004,1.596664618,2.370791936,1.318279276,2.896978071,1.004112449,3.324185674,3.969059187,1.381974161,1.168616112,2.056894082,2.083272717,1.376727377,1.509129424,2.441877668
0.852778341,0.460185623,2.279272628,2.723415765,1.069681469,1.579457737,1.082858468,2.322523765,1.267877194,1.186610966,1.141513245,3.552638479,2.407165503,0.78186578,1.089961472,1.923610165,1.829569824,1.65581547,1.205603632,3.446583851,0.705247379,0.860323179,0.880057662,1.130340766,1.240771104,1.930551471,1.039118714,1.398386555,0.680532093,0.852606152,3.159215179,1.504700521,1.358411494,1.189734185,1.080940999,0.949416388,1.571748912,0.695273323,1.02636575,0.920285884,1.397455029,0.967867024,0.837432888,1.603229651,1.217267527,1.38750426,0.931214932,1.814806778,1.585709232,2.29655404,2.652969792,0.785559362,0.998508071,1.739123225,1.351912523,2.078419426,2.442452331,0.632984186,2.183838158,0.830050699,0.88889811,1.652557764,1.627973205,3.13767534,1.499718795,0.765239945,3.705905911,1.06014983,0.584395835,0.521085035,3.312593853,2.166241152,3.509628209,2.202951996,1.908639989,2.282100088,2.87660278,2.22316071,0.441666851,0.951653703,1.172376052,2.434655461,1.348095567,2.1146102,1.568856139,4.533255596,3.594524887,1.291914748,1.1560741,2.63715507,1.207047563,3.383118949,3.271130168,1.338636037,1.764383767,1.203852981,2.139349494,1.38141156,1.541537285,1.510617818
1.456919027,0.517541271,3.606465533,3.834146623,1.116202974,3.709501777,1.807358947,2.197212688,1.203684161,1.252016393,0.660999915,3.291691198,3.48151391,0.477185427,1.473299384,1.011065314,1.620544022,0.939719733,1.744582949,1.573190606,0.959663818,2.798942296,1.12673001,1.337987247,0.963934818,1.297962204,1.68863423,1.171447809,0.520065752,0.898297904,1.580836338,0.763199236,0.603499123,0.845527891,2.121248979,1.295436579,2.488723293,2.357680329,0.766588442,1.463862943,1.772647229,1.40776893,1.16838405,1.448871966,1.927122337,1.055516622,1.116932896,0.824899426,2.432674367,2.412221999,1.681647736,0.836787849,0.763670561,1.311501992,1.210091801,1.480088284,2.648593489,0.413482715,1.612825865,1.096165016,0.618361987,1.745905084,2.605052008,2.987431718,3.019594877,1.222461604,1.641580247,1.303843315,0.882196925,0.720362088,1.410543239,3.164546468,1.368339794,2.171820322,1.271122373,1.358465735,1.717830339,1.321771504,0.588241467,1.44333968,1.222523069,4.314915264,1.694362681,4.222134464,1.464221729,2.145299663,5.214009859,0.681864336,1.025891747,1.850159676,2.280156393,2.224376905,2.275862492,1.084702808,0.930154866,1.933337182,2.551698716,0.962828315,1.283869637,2.040865083
1.36784198,0.614466921,4.512671609,3.280353212,1.200950755,2.655651941,1.575642697,1.622941374,1.519196666,1.151184596,0.752159515,4.029060748,3.01333711,0.534945773,1.86506129,1.055525056,1.022861466,1.178928115,1.181049359,2.195713955,1.548154166,2.854415041,1.226542341,0.85505369,1.172839093,0.899939112,1.952123343,1.543985213,0.86585557,0.477283668,1.873119348,0.994341878,0.555257866,1.213326575,1.726715432,1.14134235,2.677262245,3.323821601,1.22670732,1.339701534,2.190991467,1.268151265,1.110782485,0.914734774,1.016001217,1.561123723,0.986306973,1.465701626,2.652402765,1.972111846,1.355402974,1.24964353,0.498297378,0.8061149,1.713174436,1.936664294,2.791229441,0.460076295,1.225539995,1.277617126,0.762338399,1.901358483,2.633090456,2.553124994,1.75517215,1.221727422,1.664136958,0.518693632,0.98164433,1.187999039,2.000872771,2.673449962,1.332636103,1.877901049,1.572913136,1.060906243,1.413758942,1.081265688,0.328559742,2.392388588,1.424600823,3.825184886,1.328028907,4.218277793,1.014873716,3.075845489,5.29861358,1.291436502,1.288542414,2.308201366,1.517840088,1.811362019,1.741998636,1.120830689,1.706608618,2.419800138,3.133393177,1.168262356,1.539685276,1.734129385
2.391040667,0.797303376,4.506984467,3.095547822,1.10446046,1.670254425,3.585000766,2.00544415,1.013464175,1.086061753,0.973945766,2.682436503,2.916944883,0.523264825,1.801025647,2.002036012,1.247137011,1.856767235,0.972411452,3.503551555,1.303391534,1.935308325,2.414026418,1.112240163,1.104945739,1.001224631,1.427348952,1.262363943,0.646814116,0.954253907,2.490750659,1.564422896,0.541379074,1.504942362,1.207665847,1.016733397,1.705652702,2.262588608,2.323728625,0.8969295,1.130267598,1.03721588,1.169752021,1.451747401,1.566491615,1.604831107,1.74546784,1.681198458,2.722877008,1.308482012,1.145986791,0.933566689,0.67515066,1.202659639,2.155494576,1.546653991,2.561483354,0.607659428,1.013655341,1.299142479,1.465458321,1.063973754,2.78177499,3.644702511,1.443933771,0.679797291,2.037429995,1.123300022,1.065462548,1.196862246,0.786226702,1.539789,1.056709825,2.695882405,3.111220062,1.536065754,0.986149095,2.100604698,0.507238612,1.385112407,0.800602103,3.356849555,1.796865996,2.993942942,0.792766879,3.094468215,6.695296194,1.197237864,1.861384349,2.722113493,0.963213414,1.421948788,1.036315866,0.527194558,1.343367666,1.47203738,2.630803522,0.814136012,1.246634371,1.985581093
1.835631111,0.836874733,3.89166615,1.964199975,0.948108724,1.681475444,2.397601768,2.153944223,0.751622258,1.663683335,0.775824367,1.907952263,3.381484233,0.601881245,1.866703088,1.173747145,0.877026792,1.062252395,1.022979203,2.86189284,1.694234317,2.955065318,1.256792996,0.944649851,1.663492003,1.198476167,2.955254704,2.404673131,0.658642391,1.998700792,1.326636039,1.870345636,0.491888567,0.977843511,1.345752139,0.814850221,1.915877406,1.273953374,2.277547726,1.805511995,1.49893351,0.6498362,1.772926491,1.873299002,1.364055462,1.20844447,2.066196462,1.132378951,1.975175661,1.956569989,1.114838376,1.115064346,0.969725772,1.604076214,1.097244567,1.602759011,1.486314351,1.325897826,1.517156874,0.619385782,1.181574722,1.115867293,2.301730494,4.230363549,1.696761634,0.940932236,2.241388099,0.689269077,0.837797119,0.704364006,2.458450757,1.900603676,2.027297516,1.947692363,3.593827956,0.591970828,1.392475927,1.311088665,0.330117414,1.048610863,0.859306509,2.66383193,2.122555396,1.755207392,1.78553545,3.65290283,7.419031446,0.634727795,1.697432272,2.790834338,0.68364082,2.345438393,2.881128249,0.639874202,1.166589828,1.619600154,1.864940739,1.82369206,1.347874948,1.844452381
1.778023673,0.572994242,1.653152537,2.338457991,1.394323831,1.964567069,1.560292936,2.343609391,1.059640065,1.561382212,0.881397654,2.735585831,1.368912681,1.143745874,1.922758259,2.271524261,0.972235004,1.531463511,0.951803854,3.816919734,2.335204112,1.67230102,1.915628981,1.526704934,0.993010251,1.276996672,1.534565384,2.253992587,0.577047948,1.178931763,2.81293516,1.289204153,1.038956154,1.855718183,1.368201924,0.680081666,1.478140909,1.416066525,1.168487167,1.532349676,2.147958153,1.796424326,0.739844595,2.163463014,1.058497706,1.04582882,1.709860453,2.65746875,1.887923166,1.880268757,0.959510656,1.142078256,1.150058328,1.663163678,1.103310398,1.497251388,1.962731424,0.575044573,2.213567475,1.670512789,0.608021927,1.161607047,1.390205259,2.485151084,1.711900888,0.876452586,4.292853158,0.580217228,0.530808002,0.885497597,2.559922519,2.430677018,3.800345235,1.655158307,2.137848498,2.734416762,3.877903034,1.219593805,0.578562338,1.292168674,0.509436323,1.761667794,2.046627194,1.701651595,2.013783943,2.193400946,2.305292971,2.09823663,1.2255065,2.541538602,1.55129188,3.457230181,4.526442741,1.08250923,1.395993107,1.285009348,2.714059951,1.605737177,1.766109727,2.753844829
1.176987075,0.492825247,1.390009109,2.270251158,1.220486772,2.406762254,1.306689236,2.4457373,1.449347621,1.162815163,1.33707662,2.602505324,1.31573382,0.429842564,1.740172791,1.738813207,1.379731341,1.296180073,1.829538643,2.806184816,1.792465112,1.995960091,1.23272291,1.149518107,0.730201561,1.493192564,0.994071778,2.455781463,0.890741018,1.774931997,2.955842064,1.374490284,0.610794088,2.479380056,1.173190012,0.737133749,2.280348422,0.722778223,1.260286447,1.92566699,3.09156162,1.196029861,0.833800718,1.434708644,1.678330506,0.779263388,1.05164662,2.23749969,1.537516603,2.266626478,1.70826868,1.54988003,0.694451596,1.325467692,0.851929032,1.536403407,2.28633052,0.425730261,2.257029748,1.739819339,0.465157023,1.319882679,1.46221739,2.739160126,1.587015529,0.95120752,4.446214744,0.845469694,0.828095914,0.574567966,2.191085877,1.995759086,3.090961743,2.127466331,1.743194242,3.372451914,3.573396178,1.092671031,0.544466062,0.604250112,1.39147331,2.399132359,1.85991518,1.563510352,1.745863899,3.106584954,3.831520365,1.855664545,1.317927325,2.003597164,1.015418095,3.497397849,4.028237229,0.836915211,1.789094842,1.084549787,2.389476411,1.717848623,1.949123947,2.613184362
2.140010472,0.765837839,4.167142622,2.763851569,1.212928173,1.567438624,2.288591872,3.206435052,1.424381748,1.502713094,0.99239061,1.906797336,3.202675691,0.779942425,2.019159025,1.164082834,1.136638578,1.693237047,1.989905223,2.333877094,1.786425922,2.377972394,0.859863414,1.440138245,0.729418513,1.049542012,1.901727184,2.498111169,0.5938907,1.784034849,1.15567572,1.445441981,1.09881967,1.216144744,0.993628011,1.471463464,1.483649355,1.910960666,2.734043172,1.370248971,1.065370701,0.806513664,1.092695939,1.238600191,1.150828524,0.831719907,1.326526507,1.231228514,1.536223409,1.738762993,0.695535391,0.968377749,0.999168769,1.278483484,0.851387951,1.471284929,2.410253566,1.388081767,1.651094264,0.958162669,1.240953225,0.969647645,2.47218802,4.193613484,1.581404705,1.03767616,2.083075268,0.80081092,0.766779838,0.729876927,2.303954677,1.866003945,1.525247214,1.640985583,3.814968009,1.342919231,0.86176377,1.033209519,0.655559422,1.217354734,1.084244578,2.854716718,1.864347293,1.434099455,1.629291999,3.183713483,6.842514974,1.89780253,0.812073247,2.621102754,1.324769342,1.614489127,2.827868031,1.231027363,1.781095513,0.79113293,2.143136254,1.626488764,1.016617649,1.069143381
1.362837924,0.668561362,1.729834515,2.421015916,0.926448493,2.097348685,1.588413297,1.871468983,1.634898296,1.207778846,1.203788493,2.569189769,2.073842693,0.519833365,2.065243586,1.425919386,1.484057774,1.41049439,1.783136982,2.355016034,2.224821894,2.091857576,1.004757579,0.86263395,0.8938126,1.397482566,0.853732739,2.484207982,1.134598006,2.113927854,2.554167032,1.692382654,0.838138648,2.660610299,1.002678768,0.762447679,1.726120052,1.099246639,0.936003978,1.607442546,3.14218651,1.130991371,0.960421691,1.629936732,1.101470073,0.886691544,1.014919973,2.072388355,1.869983518,2.057378814,0.889810433,0.888133198,0.812500539,0.839861159,1.162251787,1.322797835,2.812235593,0.389746487,2.329438365,1.71184273,0.569978434,1.374375986,1.587509658,2.442842486,1.695676097,0.648017403,4.425635224,0.754790581,1.453599937,0.718285271,2.721605118,1.880942158,2.846216667,1.820410874,2.064990091,2.940226416,3.903624847,1.45358318,0.395268083,0.735287968,1.069331004,2.243755273,2.325226148,1.561318544,1.738749676,2.698040994,3.325808221,1.527909629,1.311437894,1.855154522,1.23062878,4.007291317,4.111549312,1.205584579,2.310757321,1.052982959,2.434143815,1.47053649,1.778470863,2.068324163
2.030373092,0.811111211,4.752527464,2.834485673,0.983029351,1.9060756,4.009769571,1.80613652,1.110626196,1.176563705,0.925894084,3.039775895,3.092601641,0.274533995,2.159297826,1.674671097,1.007228466,2.003772286,0.960375863,3.018403626,1.061893653,1.941523655,2.895010825,1.321766322,0.613395459,1.190542227,1.553447437,1.700282403,0.775541692,1.151589214,2.576002994,1.633130263,0.678227131,1.442427027,0.955814233,0.65158717,1.472658965,2.174233266,2.508887477,1.316935899,1.37228776,1.012836907,0.479706509,1.050004802,1.91896927,1.462111497,1.811560024,1.629828685,2.699624415,1.427822243,1.209123282,0.897082282,0.872188173,0.512189991,1.947642476,1.415494692,2.261970062,0.720783537,1.015882481,1.543030072,1.943939277,1.112001208,2.023108299,3.586187775,1.432360234,0.703611188,1.731497806,1.075517092,0.733965271,0.883605408,1.379783273,1.894545683,1.167991038,2.433827601,3.022316319,1.453736861,1.136063377,2.269139439,0.617032696,1.240692969,0.822736563,3.064793488,2.148854798,3.288624813,1.086128795,2.949487654,6.514856068,1.193351193,1.200551886,3.280949685,1.033667346,1.497617796,1.18050544,0.622072507,0.922996533,1.189152054,2.731676786,0.72629663,1.142424253,1.582835317
1.430137699,0.520043625,4.781692312,3.33434018,0.757285284,2.776058702,2.26630075,1.419615118,1.26548961,0.944901778,0.71070967,4.109203529,2.387770805,0.717772101,2.591904981,1.38516389,1.054434236,1.351844863,1.261220496,2.604327737,1.711280703,2.157762592,1.343800429,0.994433263,0.903480909,1.264601067,1.380526983,1.534234707,0.74024777,1.007879366,1.867587996,1.36171651,0.721858728,1.391791558,1.775333412,1.146013389,2.406876013,3.273638562,1.385496875,1.03779832,2.228154097,1.475141504,0.910701242,1.438748841,0.722882241,1.583225967,1.000029325,1.42936629,2.948647889,2.419561453,1.666262712,1.117920743,0.999428601,0.904893749,1.116703792,2.455628093,2.975734915,0.292870215,1.040501233,1.25442836,1.333154407,1.397776772,2.69609248,2.184391688,1.483461578,0.859833495,1.871981877,0.943383617,1.1070321,0.75700895,1.629921883,3.03085804,1.021186142,1.65332845,1.681592479,0.920492532,1.542895287,1.483427489,0.523063391,2.179793408,1.435214126,3.802191222,1.733572479,3.927529261,1.112031941,2.654029988,5.408482465,1.419312495,1.51185981,2.897525719,1.216193335,1.36847637,1.236741689,1.218424888,1.375323875,2.633619237,2.860385275,1.04108717,1.324972821,1.618274925
1.217052352,0.576407944,1.92093276,2.015319956,2.703256894,2.095403198,1.435266996,2.670756994,1.486445481,1.334137434,1.341913489,4.030586906,1.718013572,0.544109839,1.425663292,2.429378291,1.545033114,1.187719143,1.233528656,3.002795486,1.2809742,1.837395461,1.416984971,1.678264351,0.845610845,1.857067661,0.994001513,1.884484753,0.662160434,1.88635597,2.203557009,0.907414156,0.666936003,0.969986478,1.281244031,0.907876049,1.498687565,0.874015542,0.843218051,0.980380312,1.895204325,1.556362124,0.679479262,1.684411229,1.155254809,1.141559978,1.505923099,2.711433191,1.793729618,1.845677938,1.622066227,0.746725849,0.746876453,1.862073709,0.846768452,2.864079646,1.245218747,0.444291149,1.918133729,1.761288228,0.881788566,1.307511747,2.441034067,2.055608469,1.501556868,0.47377843,3.985278093,0.810047662,0.972114954,0.568533093,2.729015383,1.552109973,4.178897974,1.61719235,2.052422158,1.952678584,3.868213273,0.886845715,0.40395731,1.46277898,1.069455984,1.509562916,1.564685044,1.974178335,1.628936378,2.001056524,1.485166166,1.922327998,1.142338428,3.276450087,1.232131475,3.416106081,4.185437295,1.046478009,0.767908355,2.145160746,2.089132756,1.047786202,1.567777872,2.22183288
0.920994607,0.509695685,4.304240586,2.813175557,1.181114297,1.975323556,2.63515061,2.381627925,0.715435895,1.931555445,0.769059709,3.423413406,2.186689239,0.952645636,2.129110929,1.79481922,1.030111204,1.489198374,1.71764241,2.683444856,2.087852057,2.089900702,0.956411378,0.875334241,0.879653142,1.803225078,1.697028784,1.828478243,0.854169427,0.813997061,2.669836299,1.176791022,1.002861256,1.949147451,1.597951642,0.846538819,1.101661446,3.466445009,1.444310081,0.833682525,1.510673006,1.137038442,1.188725935,1.097672036,0.641494334,1.341533594,1.337710777,1.919591339,2.802752007,2.022761588,1.931746805,0.780255297,1.29375404,1.115861397,1.594366162,1.613688706,2.954589919,0.459408334,1.103136872,0.908841287,1.21763339,1.024935119,1.966763892,2.4594383,1.768335707,0.635440773,1.973511459,0.845954887,0.736339048,0.646016975,1.628642318,2.712532628,1.230103927,1.864207366,1.787517915,1.223321125,1.436378847,1.053472166,0.952666689,1.9876001,1.362649698,4.22590656,1.81864842,2.948731169,0.914237612,2.312936058,5.513882623,1.448698533,1.584631156,2.487818107,1.19676074,1.901488702,1.135793638,0.671398216,0.799414718,2.646848105,2.700772333,0.796998899,1.667897163,1.249020176
1.824944486,0.560884851,3.490191858,2.923505676,0.953698731,1.685300958,3.70434506,1.381112178,1.049944076,1.473708546,0.7748785,2.673814604,2.636700225,0.92961557,1.02891923,1.948973525,0.676032377,1.965082567,1.092541967,3.842735806,1.441281177,1.997465964,2.139293939,1.008893028,1.231078705,0.780594935,1.166922664,1.524156117,0.699244578,1.217671554,2.28738911,1.34091466,1.478452538,1.915998762,1.097051947,1.568979974,1.29019873,2.942484259,2.242480133,0.687118374,0.839969007,1.033218258,1.282990155,1.217657657,0.975027157,1.025684083,1.146825502,1.238625821,2.317034909,1.824234914,1.24303122,1.081876094,1.019082524,0.774960583,1.929279669,1.86596397,2.698111458,0.633707764,1.213533414,0.948506625,0.668940187,0.947181311,2.246401688,3.21385574,1.77973108,1.101502788,1.896276181,1.32177199,0.952058896,0.716821678,1.491653411,2.575378579,1.129526707,2.589001954,2.320534177,1.498491187,1.14263891,1.445625572,0.976349778,1.837592404,0.860186603,3.737390646,1.750794454,2.60312758,0.710747326,2.594737331,5.958614165,1.292881931,1.576258297,2.49702941,0.891027357,1.074805157,1.113073501,0.9152532,1.106485664,2.039151459,2.596710146,0.545625518,1.313697511,1.443363266
1.696970901,0.653997041,4.223734198,2.943264054,0.868387799,1.990023933,1.579971012,1.247880465,0.879237287,0.802043587,0.964811008,2.665997824,2.937663486,0.748838599,1.317112464,1.591657415,1.927162177,1.06266829,2.419517842,2.964757884,0.720617038,1.876895409,1.163580459,0.870471463,1.24450982,1.280268015,1.97640951,2.713986581,0.967862047,1.367336377,1.857515838,1.172826802,0.605418719,0.836115264,1.154303158,0.833397461,2.431717173,1.701522235,0.823565944,1.768050671,0.887087502,1.237028586,1.449541318,1.791529923,1.015606728,1.643842483,1.874576073,1.670508556,1.931449929,1.378248852,1.736252692,0.732257713,0.813371497,2.248660096,0.895178261,1.375239572,1.222967738,0.555212533,1.167645574,0.94299757,0.684982623,1.119677767,1.843079731,5.453075522,1.969907127,0.92188577,2.22403851,1.842555887,0.623998465,1.044918646,1.950644937,1.785610227,1.176354487,2.236417279,3.95126399,0.838348283,2.238662253,1.157172135,0.407631088,0.855872173,1.272890628,2.337085784,1.394938633,1.345519903,1.81988244,4.274393309,7.395068029,2.227887352,1.782758484,1.934558371,1.046809347,1.300818085,2.650915361,0.82033237,1.346613438,0.989499238,1.773446644,0.865558238,1.953539629,2.606899435
0.937117125,0.571200755,1.855307789,2.639039423,2.308048778,2.56115373,1.499706974,2.724423147,1.63627107,0.794660745,1.003077789,4.159780577,2.184872765,0.656953113,1.157565046,2.666503685,1.136082505,1.07689901,1.353754806,3.187561063,0.640697957,1.282904499,1.456081277,1.986335968,1.124037872,1.852005772,0.861465307,1.565722521,1.051767208,1.206796936,2.115175851,0.629669565,0.874299489,0.838662653,1.06250037,0.616694892,1.552585207,1.352826854,0.968744944,1.081864005,1.351422944,1.377919449,0.737894549,0.919335012,1.126023434,1.059052034,2.151514558,2.815269613,1.512080548,2.116872304,1.312253585,0.986896208,1.196234597,1.876258198,1.097943151,2.57184575,1.316952319,1.041934782,1.403439036,0.721385068,1.226358273,1.71069264,2.112760607,2.247837166,1.333256257,0.472873981,2.990414784,1.224388731,0.521193002,0.813989846,2.814349341,2.206314477,4.045844999,1.497412775,1.778074579,1.986659746,3.436304903,1.308085255,0.539525697,0.687924945,1.214010314,1.609707479,1.959157468,2.352565535,0.96715216,2.15154727,1.927624874,2.35526505,1.510773615,2.839305829,0.918392086,3.196000387,3.948694484,1.657249284,1.211776594,1.794097884,2.442332054,1.194462026,1.219501405,2.447816653
2.119341112,1.120204659,4.420831537,3.322313549,0.936004508,2.563651123,3.867899122,2.127255312,0.688307213,1.073391657,1.234295809,2.373322045,2.560505303,0.931132998,1.920609719,1.133097488,0.918750459,1.323052412,1.294851017,2.81941619,1.245278793,2.43535556,2.217344699,1.811573461,0.734281682,1.087944906,1.345381586,1.941536096,0.772979434,1.28273956,1.806438104,1.403558079,0.818256071,1.721938108,1.429592932,0.581755336,1.417321504,1.972924305,3.31227682,1.387010862,1.108880907,0.786084875,1.40757844,0.920147345,1.777136058,1.264430682,2.522683665,0.811026441,2.437483049,1.402310782,1.655931566,0.819737248,1.145320388,0.74011949,1.473655443,1.2437257,2.464740855,0.545054524,1.25203392,0.888225203,1.038655141,1.574226196,2.412076032,3.319742439,2.077503254,0.397910484,1.382315721,1.126800931,0.793692259,0.830946192,2.038801125,2.792169778,1.858880453,2.378728976,3.064334979,1.413097115,1.000609165,2.348444276,0.505810323,1.305006936,0.818442002,2.900337195,1.911665106,2.420228777,0.856575883,3.002111073,7.113246838,0.972281838,1.220846107,2.581572483,1.194037163,1.32641338,1.591883459,0.683955527,1.032233565,1.675282308,1.947128097,0.98131855,1.48150953,1.125214493
1.475150064,0.55979808,4.531986046,2.810040549,1.587697935,1.812805125,3.351979926,1.509246774,0.722865375,2.078952464,1.094795228,3.010996043,2.414908675,0.935895059,1.743095636,2.319401618,1.101230776,2.001905379,1.461407527,3.220857807,1.97693121,2.080837102,1.410393671,1.179903355,0.779184646,1.756280625,1.215780347,1.58762765,0.386112065,0.867366206,2.668432431,1.19772398,0.990637021,1.928943985,0.869411397,1.308346107,1.372249716,3.562763583,1.513902799,0.84867136,1.805122588,0.835222023,1.525103915,1.209315779,1.338343672,1.468843257,1.377995937,1.570051667,2.521832558,1.710478645,1.32644965,0.407144616,1.057984033,1.226402836,1.561108135,2.216879447,2.839876793,0.366678449,0.872996871,0.944397681,0.936063016,1.078200888,1.751585643,2.509341418,1.779729178,0.924794234,2.56917476,0.685501637,0.982911507,0.765050466,1.754835789,2.85038156,1.136194984,2.052756123,2.194277105,1.549423398,1.598124899,0.820118012,0.438519919,2.533509601,0.992263552,3.944322435,1.907293116,2.666303122,0.909309125,2.938883935,5.274942241,1.57492541,1.512045339,2.54992465,0.702538847,1.110546201,1.060537333,0.655568737,1.16647989,2.067720461,2.424275371,0.535099511,1.338649483,1.983055406
1.82406981,0.763691215,3.153031382,3.925486746,1.108639468,3.393532355,1.795601818,2.332090507,0.791981058,0.800665476,0.416029198,2.903366275,2.372692318,1.347344351,1.929380963,0.843594529,1.523264667,1.483854879,1.916736462,1.759524155,1.024832272,2.320163299,1.147223757,1.575567686,1.526562308,1.687354796,2.108420959,1.304999781,0.489800152,1.203065204,2.036044204,1.241185821,0.883881984,1.056107467,1.727727237,1.300076827,2.018677627,2.540653239,1.356061165,1.237511215,1.818343997,1.186048635,0.913584695,1.898890119,1.633896813,1.396118823,1.164204774,0.885450698,2.262717331,2.674635144,1.787046697,1.348146931,0.663611907,1.079828103,1.190215705,1.596190821,2.326498053,0.603031289,2.103202935,1.198172295,0.853936312,1.260658764,2.783529561,2.896080382,3.231895408,1.299793283,1.606330754,1.332282254,0.70854561,0.493009155,1.544905492,3.038206853,0.869732653,1.706631962,1.261544972,0.949234595,1.759409957,0.894471403,0.384908794,1.428479258,1.01308709,4.519174566,1.033165788,3.574360924,1.052460629,1.979181454,5.832201654,1.053852457,2.388968941,2.421884751,1.297514922,2.091098247,2.467275786,1.255638232,0.787284317,1.975503377,2.631817835,0.853858338,1.492269537,2.166452578
1.108924394,0.321828739,2.465272368,2.817694909,0.726170318,1.788291592,1.085066343,2.286502159,1.264533264,1.384185874,1.109001941,3.495939604,2.736522986,0.789364459,1.470492426,1.566565229,1.618983919,1.939034521,1.297303797,3.100001549,0.976349226,1.22021159,0.823698717,1.328627432,1.505899076,1.320281788,1.612080416,1.529839527,0.608307161,0.634584333,2.89388889,1.975027381,1.37081432,1.15011163,1.536092247,1.010541269,1.526980943,1.404576629,1.069755245,0.88537383,1.527137346,0.823770852,1.160519043,1.858327956,0.884513652,1.61747974,0.693655874,1.661774889,1.395518538,2.091662325,2.272590087,1.253010446,1.092737263,1.972773875,1.376371685,1.505087988,2.58242327,0.856366078,1.650223612,0.788157549,1.082447714,1.596111896,1.51186545,2.988145916,1.748798684,0.721323611,3.773764146,0.743211121,0.593456814,0.572114795,2.954690256,1.969009777,3.409108226,1.918845441,2.065637331,2.311429149,2.827352736,2.001389958,0.704354146,1.163581261,1.277376958,2.656182766,1.091565805,2.298549341,1.609178361,4.636970692,3.606107846,0.876076232,1.195069376,2.536857826,0.776716217,3.75168615,3.255297013,0.754249076,1.878647206,1.186113247,2.329317819,1.303438137,1.152239161,1.420593238
1.512591014,0.530059783,4.031341161,3.670121929,1.050420457,3.956600243,1.978329745,2.10261015,1.171663951,1.031084224,0.781901908,3.42114192,3.46595661,0.56512894,1.616172775,0.976532329,1.412559527,1.3385611,1.45665074,1.658582251,1.17535124,3.097997049,1.689933217,1.484470527,0.72046173,1.434472652,1.527964099,1.379662144,0.388805166,0.827971721,1.574313832,1.023627858,0.585528761,1.129926299,2.405860887,1.265635867,2.196665676,2.562950463,0.954358674,1.314410361,2.019165594,1.650695864,0.924747256,1.413510835,2.098806471,1.012073656,1.277664705,1.062543979,2.767119151,2.228414806,1.294904726,0.659059304,0.914669185,1.305068332,0.893626536,1.60207764,2.764963744,0.354032234,1.024782745,0.760491726,0.592260061,1.735833758,2.662963334,2.950979379,2.660884228,1.145425891,1.687779756,1.230554565,0.629314089,0.673290956,1.657029468,3.017708371,1.149947797,2.32577729,1.437111819,1.320022139,1.556714939,1.149411802,0.860806024,1.638061096,1.123673815,4.143202816,1.425828088,4.314010327,1.585587891,2.26195686,4.964843345,0.777907616,1.037098945,1.800136841,2.376833972,2.150371341,1.942965954,0.924033522,0.878677346,1.86003408,2.875291278,0.883967389,1.856693467,1.888442617
1.664561325,0.521733266,1.92023926,2.193628263,0.795779629,1.603188429,1.516183386,2.146274746,1.097021397,1.468804035,1.191510735,2.740596107,1.682010016,0.481879021,2.050372599,1.843245559,0.872223136,1.609081731,1.60450403,3.239274797,2.553282894,1.573594278,0.938217071,1.503915343,1.099971863,0.980793456,1.202093359,2.939885869,0.582995245,1.270637612,2.600446453,1.631921086,1.019560183,2.765885729,1.310118866,0.720548292,1.528526684,1.050024752,0.963166165,1.94785691,2.180935403,1.237215094,1.159342844,1.995489313,1.022774458,0.506535325,1.102780823,2.104755637,2.084667476,2.181798198,1.056593218,0.929907881,0.454561564,0.972505805,1.554280108,1.611929046,2.352413212,0.583386761,2.89717804,1.915495764,0.448385379,0.930009033,1.716352465,2.615124641,1.766583576,0.60989692,4.567838664,0.71237559,0.847150917,1.028653485,2.775729005,1.909071948,2.926249299,1.815725513,2.432023407,2.958557284,3.49060112,1.471228153,0.438390449,0.692022339,1.188380655,2.354985476,2.142925092,1.607990945,1.899082632,2.466642469,3.321436479,1.659091548,1.327479226,2.137407043,1.537626396,4.246915035,3.964761996,0.985772578,1.336648153,0.961587559,2.570014868,1.370911658,1.174834601,2.225509145
0.913156302,0.559578525,2.576865822,2.901587871,1.089702104,1.679985721,1.138601614,2.455647211,1.205870027,1.39329176,0.673400238,3.323530268,2.229248913,0.871833945,1.045429897,1.598454616,1.578189251,1.62667423,1.125516689,3.365404749,0.649583947,1.032449252,1.019409227,1.070523356,1.437845649,1.155334881,1.014943815,1.305948317,0.84709554,0.884135593,2.952892107,1.949219833,1.34479856,1.270073025,1.509713908,1.141871393,1.453481275,0.980174779,1.281186025,0.839960961,1.71929703,0.965062813,0.768329693,1.889238982,0.861147249,1.334886425,0.906415314,1.587127304,1.574676986,2.096409267,2.773598924,0.932710239,0.96592398,1.685167958,1.45450377,1.914307061,2.422337506,0.68245435,2.140486585,0.710354689,0.849011691,1.897839146,1.894207991,3.184648884,1.794725752,0.866961775,3.388769627,1.042939819,0.610798667,0.587710672,3.364628799,2.214768782,3.588389055,1.975943504,1.710983057,2.109220815,2.966895755,1.783077854,0.645612787,0.869024081,1.422077882,2.502437508,1.270911005,2.266758118,1.758820453,4.622895331,3.601722755,1.385026166,1.260236181,2.593946871,1.078546397,3.434842743,3.137362742,0.814428927,1.982265597,0.830175413,2.10647074,1.488902787,1.404934086,1.514456287
1.780153205,0.646873827,4.404174806,3.093997161,1.231981157,3.256270793,1.965973887,2.25676129,1.022323928,1.087517652,0.752827417,3.959836978,3.561561786,0.481210727,1.620496404,0.949498678,0.84643873,1.215169236,1.698276766,1.799581852,1.054385175,2.962510566,1.536083991,1.392088917,1.220075088,0.927603918,1.831964218,1.550886458,0.566714094,0.934399574,1.645923561,0.976504549,0.61090815,1.023602389,1.439005927,1.002335545,2.268060005,3.287768,1.141237833,1.21763107,1.907137369,1.655729938,1.262221144,1.193658002,1.539262342,1.290041542,1.166720312,1.301521207,2.567198158,1.816964638,1.502532352,0.831511593,0.592922308,1.147829568,0.753034893,1.550579769,2.638708291,0.506031275,1.416980364,1.303153168,0.631338825,1.678871205,2.633696576,2.759250779,1.901115475,0.62526276,1.132569524,0.994378302,0.636777369,0.445274526,1.523242223,2.822176604,0.905394232,2.018691503,1.660784103,1.116465721,1.873819457,0.925819616,0.428718888,1.726678728,1.139751121,3.563351711,1.392016327,4.241308886,0.926184287,2.843079265,5.000252344,0.92240541,1.512967741,2.240447602,2.074363198,2.032707555,1.859788691,1.753332472,0.921902811,2.286422356,3.097459444,0.721647773,1.647861942,2.335988865
1.612325159,0.639566465,3.887181978,3.065607886,1.384947809,1.357162633,3.762186697,1.22097277,0.510797586,1.558847081,0.680043802,2.890694891,2.229533487,1.15618715,1.500360911,1.611240744,0.844149267,2.264001689,1.254547161,3.584341248,1.483246443,2.02751917,1.605146679,1.07602584,0.836289844,1.173311429,1.31909869,1.724691628,0.761461472,1.079748563,2.433221767,1.316463792,1.06603505,1.795144131,0.847786849,1.492718536,0.942490713,3.472535226,1.832439831,0.946618987,1.600473635,0.87462967,1.089505782,1.283145547,1.243296912,1.467525139,0.912235205,1.366676701,2.231514299,1.684706351,1.320504339,0.953270504,0.808937222,0.534621456,1.999610559,2.300607146,2.6010566,0.255627677,0.67643335,1.150377623,0.525642937,1.145983862,2.028168327,3.059973669,1.665528994,1.288819234,1.966447896,0.935259671,1.021942015,1.006244544,1.46921534,2.693779028,0.84229156,2.055215407,2.444755406,1.483453207,1.33707067,1.03035647,0.623334538,2.669596724,0.786780479,3.932711897,2.182808753,2.272695665,0.785565904,3.058399981,5.411684234,0.857989684,1.701505556,2.509612974,1.108040717,1.073527344,1.166318892,0.62818109,1.174006684,2.175398806,2.798334916,0.750015146,1.603552981,1.803823251
1.194886048,0.637019535,1.82133249,2.137308705,2.777042133,2.285557806,1.423092014,2.585366845,1.573077258,1.317253269,1.493229883,4.16715248,1.58385261,0.45422321,1.280396317,2.430706542,1.346195741,1.387659118,1.07264682,3.309062716,0.883393872,1.830931885,1.330231092,1.676612253,1.064813356,1.705726411,1.142481664,1.506965416,0.680392476,1.777465174,2.177869785,1.024289481,0.678727283,1.019501292,1.066463471,0.604717544,1.554774561,0.789092398,0.869287911,1.34123865,1.749149827,1.301006961,0.806886235,1.405226263,0.93013281,1.198036278,1.819054013,2.616699,1.764963166,1.998772804,1.717469778,0.796750478,0.659670832,1.843614329,1.084006788,2.650925926,1.539753162,0.6415629,1.893739251,1.625599383,1.077294903,1.359349275,2.199897835,2.026758392,1.487296638,0.462081581,3.89534781,1.100942341,0.87710996,0.45622464,2.900156867,1.868044784,4.038246185,1.313761264,2.319877486,1.806230354,3.679248988,1.132773878,0.276861553,1.114461352,1.511940228,1.476908684,1.613497188,2.340182106,1.724711802,1.961748207,1.404145181,2.076209165,1.455213653,3.139769124,0.902356663,3.669931747,3.9470167,1.167560976,0.726738371,2.17578959,2.041366241,1.172593531,1.574384439,2.042202391
1.583117919,0.383630983,4.245791506,2.852028514,0.870592601,2.41777564,2.494791942,1.881965555,0.710807053,1.671973936,0.704100201,3.697862816,1.949636697,0.959942175,1.735259142,1.471385981,0.701199212,1.445474146,1.510018393,2.579249429,1.87753679,2.207834265,1.247800152,0.616362065,0.95671694,1.431655003,1.427694898,1.618834201,0.824252244,0.555829775,2.798541799,1.388608817,0.915716304,1.935619661,1.929469711,1.066393433,1.496895321,3.087303819,1.177593381,0.819461089,1.640272473,1.860005432,1.662773427,1.340196835,0.869741028,1.751707728,1.291371915,1.486077482,2.804917441,2.36415138,2.24663388,0.910256117,1.011646329,1.005086504,1.546983647,2.092885213,3.091614068,0.539574396,1.035867111,1.347433036,0.844298151,1.005339668,1.62842481,2.594630767,1.598749398,0.799186089,1.802788222,0.841261631,1.027430424,0.875265289,1.706685848,2.818196283,1.06635075,1.899638121,1.806860787,0.956854241,1.33167168,0.917741371,0.700491601,2.283917348,1.595906897,4.441569846,1.815880844,2.80887282,1.123264542,2.176529732,5.523151319,1.671963532,1.845614272,2.440835957,1.383143814,1.91710603,1.380899458,0.550648145,0.713741443,2.689673726,3.156975895,0.840284607,1.618367101,1.277696857
